{
  "env_paras": {
    "num_jobs": "培训期间生效的工作数量Number of jobs, taking effect during training",
    "num_mas": "机器数量，训练期间生效Number of machines, taking effect during training",
    "batch_size": "训练期间并行实例的数量Number of parallel instances during training",
    "ope_feat_dim" : "操作节点原始特征向量的维数Dimension of the raw feature vectors of operation nodes",
    "ma_feat_dim" : "机器节点原始特征向量的维数Dimension of the raw feature vectors of machine nodes",
    "show_mode": "结果显示模式(在最后的实验中已弃用)Result display mode (deprecated in the final experiment)",
    "valid_batch_size": "单个验证集中的实例数Number of instances in single validation set"
  },
  "model_paras": {
    "in_size_ma": "Dimension of the raw feature vectors of machine nodes",
    "out_size_ma": "Dimension of the embedding of machine nodes",
    "in_size_ope": "Dimension of the raw feature vectors of operation nodes",
    "out_size_ope": "Dimension of the embedding of operation nodes",
    "hidden_size_ope": "Hidden dimensions of the MLPs",
    "num_heads": "len()表示HGNN的迭代次数，元素表示每个HGNN的头数(最终实验中=1),len() means of the number of HGNN iterations, and the element means the number of heads of each HGNN (=1 in final experiment)",
    "dropout": " 丢失率,dropout ratio",
    "n_latent_actor": "actor的隐藏维度Hidden dimensions of the actor",
    "n_latent_critic": "评论家的隐藏维度Hidden dimensions of the critic",
    "n_hidden_actor": "actor中的层数Number of layers in actor",
    "n_hidden_critic": "批评家的层数Number of layers in critic",
    "action_dim": "actor输出维数Output dimension of actor"
  },
  "train_paras": {
    "lr": "学习率learning rate",
    "betas": "paras for Adam (default value)",
    "gamma": "折扣因子discount factor",
    "K_epochs": "更新K个epoch的策略Update policy for K epochs",
    "eps_clip": "PPO夹比clip ratio for PPO",
    "A_coeff": "策略损失系数coefficient for policy loss",
    "vf_coeff": "价值损失系数coefficient for value loss",
    "entropy_coeff": "熵项系数coefficient for entropy term",
    "max_iterations": "训练的最大迭代次数Maximum number of iterations for training",
    "save_timestep": "验证和保存网络的迭代次数Number of iterations to validate and save the network",
    "update_timestep": "更新网络的迭代次数Number of iterations to update the network",
    "viz": "打开visdom以可视化训练过程Turn on visdom to visualize the training process",
    "viz_name": "该可视化窗口的名称Name of this visdom window",
    "minibatch_size": "用于更新的批大小batch size for updating",
    "parallel_iter": "替换训练实例的迭代次数Number of iterations to replace training instances"
  },
  "test_paras": {
    "num_ins": "此测试集中的实例数Number of instances in this test set",
    "rules": "用于测试的规则The rule used to test",
    "sample": "打开DRL-S模式Turn on the DRL-S mode",
    "num_sample": "复制到DRL-S样本的实例数Number of copied instances to sample for DRL-S",
    "num_average": "在DRL-G中计算平均值的循环数Number of loops in DRL-G to calculate the mean",
    "public_ins": "实例是否来自知名的基准测试Instances from well-known benchmarks or not",
    "data_path": "此测试集的相对路径Relative path of this test set"
  }
}